diagnosis,mean_rad,median_rad,range_rad,sd_rad,mean_sym,median_sym,range_sym,sd_sym
B,12.14652380952381,12.2,6.981 to 17.85,1.7805116461410393,0.17418599439775911,0.1714,0.106 to 0.2743,0.02480675820679328
M,17.462830188679245,17.325000000000003,10.95 to 28.11,3.203971100779367,0.19290896226415094,0.1899,0.1308 to 0.304,0.027638092143030174
